"horo","utilisation_cdiscount","pb_rencontre_cdiscount","hors_cdiscount_site_used","nb_achats_mois_cdiscount","nb_achats_mois_autre_ecom","categorie_fav_cdiscount","categorie_fav_autre_ecom","service_client_cdiscount","ergonomie_cdiscount","ameliorer_cdiscount","utilisation_autre_ecom","quel_autre_ecom","freq_achat_autre_ecom","fav_cat_autre_ecom","reco_achat_ligne","fav_carac_ecom","genre","age"
"2020/06/20 7:14:46 PM UTC+2","Non","","","","","","","","","","Oui","Amazon;Vente-privée (Veepee);Fnac","4 à 8 fois par mois.","Électroménager;TV / Son / Photo","Amazon","Prix abordable","un homme.","24"
"2020/06/20 7:16:09 PM UTC+2","Non","","","","","","","","","","Oui","Amazon;Fnac","1 à 2 fois par mois","Informatique;Jeux vidéo;Sport","Amazon","Facile à utiliser;Prix abordable;Bonne réputation;Conseillé par un proche","un homme.","22"
"2020/06/20 7:17:25 PM UTC+2","Oui","J'ai rencontré un retard lors d'une livraison.","Amazon;Carrefour;AliExpress","1 à 2 fois par mois.","4 à 8 fois par mois.","Électroménager","Meuble déco;Mode Bagage;Jouets","7","6","Rien a changer","","","","","Amazon","Beau design;Facile à utiliser;Grande variété de produits","une femme.","25"
"2020/06/20 7:18:34 PM UTC+2","Oui","Le service client m'a déplu.","Amazon;Vente-privée (Veepee);Carrefour;Wish;AliExpress","2 fois par an","2 à 4 fois par mois.","Courses alimentaires;Meuble déco;Jardin animalerie;Bricolage","Courses alimentaires;Meuble déco;Jardin animalerie;Bricolage","6","6","Rien","","","","","Amazon;Carrefour;AliExpress","Grand nombre d'avis","une femme.","23"
"2020/06/20 7:18:43 PM UTC+2","Non","","","","","","","","","","Oui","Amazon;Vente-privée (Veepee);Fnac;boulanger, Zara, Asos, Mango","2 à 4 fois par mois","Électroménager;Mode Bagage","Amazon;Fnac","Beau design;Facile à utiliser;Grande variété de produits;Grand nombre d'avis;Bonne réputation","une femme.","24"
"2020/06/20 7:18:59 PM UTC+2","Non","","","","","","","","","","Oui","Amazon;Fnac;Darty;Carrefour;rueducommerce, just-eat","1 fois tous les 3 mois a peu pres","Courses alimentaires;article de soin (huiles essentiels...)","Amazon;Fnac","Prix abordable;Grande variété de produits;possibilité de  livraison dans tt zones","Je ne souhaite pas le préciser.","21"
"2020/06/20 7:19:12 PM UTC+2","Oui","Non","Amazon;Vente-privée (Veepee);Fnac;AliExpress","1 à 2 fois par mois.","1 à 2 fois par mois.","Informatique;Jouets","Téléphonie;Jeux vidéo","8","4","L’ergonomi","","","","","Amazon;Cdiscount","Beau design;Facile à utiliser;Prix abordable;Grande variété de produits;Bonne réputation","une femme.","23"
"2020/06/20 7:20:21 PM UTC+2","Oui","J'ai rencontré un retard lors d'une livraison.;Le service client m'a déplu.","Amazon;Vente-privée (Veepee);AliExpress","2 fois par an","1 à 2 fois par mois.","Électroménager;Meuble déco;Informatique","Informatique;Mode Bagage","3","4","Un meilleur service client serait appréciable.","","","","","Amazon","Facile à utiliser;Prix abordable;Grande variété de produits","une femme.","23"
"2020/06/20 7:25:54 PM UTC+2","Oui","L'ergonomie du site me déplait.","Amazon;AliExpress;PriceMinister (Rakuten)","1 à 2 fois par an.","1 à 2 fois par mois.","Informatique","Informatique","5","3","Le site est moche. Le fond blanc casse les yeux","","","","","Amazon;Rue du commerce","","un homme.","25"
"2020/06/20 7:27:46 PM UTC+2","Oui","Aucun","Amazon;Vente-privée (Veepee);Ebay;AliExpress","2 fois par an","1 à 2 fois par mois.","Électroménager;Téléphonie","Électroménager;Meuble déco;Vetments ","8","4","Simplifier la recherche d'un produit ","","","","","Amazon","Facile à utiliser;Prix abordable;Grand nombre d'avis","une femme.","25"
"2020/06/20 7:28:16 PM UTC+2","Non","","","","","","","","","","Non","","","","","","une femme.","29"
"2020/06/20 7:32:08 PM UTC+2","Non","","","","","","","","","","Oui","Amazon;AliExpress","1 à 2 fois par mois","Meuble déco","Amazon","Beau design;Facile à utiliser;Prix abordable;Bonne réputation","une femme.","28"
"2020/06/20 7:32:32 PM UTC+2","Oui","L'ergonomie du site me déplait.","Amazon;Vente-privée (Veepee);Fnac;Darty;AliExpress","Moins d'1 fois par an","2 à 4 fois par mois.","Électroménager;Informatique;Jeux vidéo","Courses alimentaires;Informatique;Jeux vidéo","10","6","T'es beau Théo <3 Non en vrai je sais pas :(","","","","","Amazon","Facile à utiliser;Grande variété de produits;Grand nombre d'avis","un homme.","24"
"2020/06/20 7:32:42 PM UTC+2","Oui","Aucun","Amazon;Ebay;Wish","presque jamais (à moins de trouver une offre alléchante)","1 à 2 fois par mois.","Électroménager;Informatique;Téléphonie;Jeux vidéo","Électroménager;Informatique;TV / Son / Photo;Reconditionné;Jeux vidéo","7","6","le délais de livraison","","","","","Amazon","Prix abordable;Grande variété de produits;Grand nombre d'avis;Bonne réputation","un homme.","23"
"2020/06/20 7:38:20 PM UTC+2","Oui","Aucun","Amazon;Fnac;Carrefour","1 à 2 fois par mois.","2 à 4 fois par mois.","Jeux vidéo","Courses alimentaires;Jeux vidéo","8","8","L’apparence de la 1ère page, trop de produits présentés (sur mobile)","","","","","Amazon;Cdiscount;Fnac;Carrefour","Facile à utiliser;Grande variété de produits;Grand nombre d'avis;Bonne réputation","une femme.","25 "
"2020/06/20 7:39:34 PM UTC+2","Oui","Aucun","Amazon;Ebay;Wish","1 à 2 fois par mois.","2 à 4 fois par mois.","TV / Son / Photo;Jeux vidéo;Jouets","Téléphonie;Jeux vidéo;Bébé;Jouets","10","10","Rien ","","","","","Amazon;Cdiscount;Fnac;Leroy Merlin;Wish;AliExpress","Facile à utiliser;Prix abordable;Grand nombre d'avis;Bonne réputation","une femme.","20"
"2020/06/20 7:41:04 PM UTC+2","Non","","","","","","","","","","Oui","Amazon;Fnac;Darty;Carrefour","Occasionnellement ","Informatique;TV / Son / Photo;Téléphonie;Jeux vidéo","Amazon","Prix abordable;Grand nombre d'avis;Bonne réputation","une femme.","28"
"2020/06/20 7:41:11 PM UTC+2","Oui","Aucun","Amazon;Fnac","1 à 2 fois par mois.","1 à 2 fois par mois.","Électroménager;Informatique;Jeux vidéo;Littérature ","Électroménager;Informatique;TV / Son / Photo;Téléphonie;Jeux vidéo","5","4","Le site web","","","","","Fnac","Beau design;Grande variété de produits;Grand nombre de fonctionnalités;Bonne réputation;Conseillé par un proche","un homme.","24"
"2020/06/20 7:43:07 PM UTC+2","Oui","Aucun","Amazon;Vente-privée (Veepee);Fnac;Darty;Ebay;PriceMinister (Rakuten)","1 fois par an","1 à 2 fois par mois.","Informatique;TV / Son / Photo;Sport","Courses alimentaires;Électroménager;Meuble déco;Informatique;TV / Son / Photo;Mode Bagage;Bébé;Jouets;Sport","9","7","La présentation. C'est trop chargé en information. ","","","","","Amazon;Vente-privée (Veepee);Fnac;Darty","Beau design;Facile à utiliser;Prix abordable;Grande variété de produits;Grand nombre d'avis;Bonne réputation;Conseillé par un proche","une femme.","40"
"2020/06/20 7:47:42 PM UTC+2","Oui","Aucun","Amazon;Fnac;AliExpress","1 à 2 fois par mois.","2 à 4 fois par mois.","Informatique","Informatique","6","4","Visuellement, c'est un peu moche et difficile de s'y retrouver","","","","","Amazon","Beau design;Facile à utiliser;Bonne réputation","Je ne souhaite pas le préciser.","25"
"2020/06/20 8:05:37 PM UTC+2","Non","","","","","","","","","","Oui","Amazon","1 par an si le père nowel veut bien ","Jouets","Sans avis","Facile à utiliser;Prix abordable;Grande variété de produits;Grand nombre d'avis;Bonne réputation","un homme.","24"
"2020/06/20 8:09:34 PM UTC+2","Non","","","","","","","","","","Oui","Amazon;Fnac;Darty;LDLC","1 à 2 fois par mois","Informatique","Amazon;Fnac;Darty;LDLC","Beau design;Facile à utiliser;Prix abordable;Grande variété de produits;Grand nombre d'avis;Grand nombre de fonctionnalités;Bonne réputation","un homme.","25"
"2020/06/20 8:11:22 PM UTC+2","Oui","J'ai eu des problèmes avec le service de livraison.","Amazon;E-leclerc;AliExpress;Boulanger /shein","1 fois seulement","1 à 2 fois par mois.","Électroménager","Électroménager;Meuble déco;Vêtements ","7","8","","","","","","E-leclerc;Shein /boulanger","Facile à utiliser;Prix abordable;Grande variété de produits;Grand nombre d'avis;Bonne réputation;Conseillé par un proche","une femme.","41"
"2020/06/20 8:17:02 PM UTC+2","Oui","Aucun","Amazon;Vente-privée (Veepee)","1 à 2 fois par trimestre","2 à 4 fois par trimestre","TV / Son / Photo;Reconditionné;Jeux vidéo","Informatique;TV / Son / Photo;Téléphonie;Jeux vidéo","8","6","","","","","","Amazon;Cdiscount;Vente-privée (Veepee)","Facile à utiliser;Prix abordable","un homme.","23"
"2020/06/20 8:19:49 PM UTC+2","Oui","Aucun","Amazon;Fnac;Darty;AliExpress","2-4 fois par an","1 à 2 fois par mois.","Électroménager;Meuble déco;Informatique","Électroménager;Meuble déco;Literie;Jardin animalerie;Bricolage;Téléphonie","6","6","","","","","","Amazon;Cdiscount;Fnac;Darty","Prix abordable;Grande variété de produits;Grand nombre d'avis","un homme.","25"
"2020/06/20 8:20:07 PM UTC+2","Non","","","","","","","","","","Oui","Amazon;Fnac","Une fois tout les 2/3mois","Sport;Les petites bricoles inutiles qu'on trouve pas trop en sortant de chez sois. Genre un support pour téléphone ou un câble, du matériel pour faire du sport etc","J'ai fait que Amazon et Fnac. La livraison top mais je suis pas fan de l'expérience utilisateur sur ces sites (UX)","Facile à utiliser;Prix abordable;Grande variété de produits;Grand nombre d'avis;Bonne réputation","un homme.","24"
"2020/06/20 8:21:23 PM UTC+2","Non","","","","","","","","","","Oui","Amazon;Fnac;Ebay;Wish;AliExpress","1 à 2 fois par mois","Informatique;Téléphonie;Jeux vidéo","Amazon;Fnac;Ebay;AliExpress","Beau design;Facile à utiliser;Prix abordable;Grande variété de produits;Grand nombre d'avis;Bonne réputation","un homme.","25"
"2020/06/20 8:25:43 PM UTC+2","Oui","L'ergonomie du site me déplait.","Amazon;Vente-privée (Veepee);AliExpress","1 à 2 fois par mois.","4 à 8 fois par mois.","Meuble déco;Informatique","Meuble déco;Informatique","8","4","L’aspect du site ","","","","","Cdiscount;Vente-privée (Veepee)","Beau design;Facile à utiliser;Prix abordable;Grande variété de produits;Grand nombre d'avis;Bonne réputation","une femme.","20"
"2020/06/20 8:28:48 PM UTC+2","Non","","","","","","","","","","Oui","Amazon;Fnac;Bon prix, decatlon , super u","1 à 2 fois par mois","Courses alimentaires;Vêtements , linge de maison, cadeaux ","Amazon;Fnac;Wish;Bon prix, Decathlon ","Facile à utiliser;Prix abordable;Grande variété de produits;Conseillé par un proche","une femme.","42"
"2020/06/20 8:34:16 PM UTC+2","Non","","","","","","","","","","Oui","Amazon;Fnac;EMP","1 fois tous les 2 mois environ","Électroménager;Meuble déco;Informatique;Téléphonie;Jeux vidéo;Vêtements/chaussures","Amazon;Fnac;EMP","Beau design;Prix abordable;Bonne réputation","une femme.","24"
"2020/06/20 8:46:16 PM UTC+2","Oui","Aucun","Amazon","1 fois par an","1 à 2 fois par mois.","Informatique","Informatique","6","6","","","","","","Amazon","Facile à utiliser","un homme.","52"
"2020/06/20 9:00:24 PM UTC+2","Oui","J'ai eu des problèmes avec le service de livraison.","Amazon;Fnac;ASOS ","2 fois par an","4 à 8 fois par mois.","Électroménager;Jardin animalerie;Informatique;Jeux vidéo","Jardin animalerie;Informatique;Jeux vidéo;Vêtements ","8","6","","","","","","Amazon;Cdiscount;Fnac","Grande variété de produits","une femme.","25"
"2020/06/20 9:03:18 PM UTC+2","Oui","Aucun","Amazon;Fnac;Carrefour","Rarement ","1 à 2 fois par mois.","Courses alimentaires;Bricolage;Informatique;Téléphonie;Reconditionné;Jeux vidéo","Courses alimentaires;Téléphonie;Reconditionné;Jeux vidéo","8","7","","","","","","Fnac;Darty;Ebay","Beau design;Facile à utiliser;Prix abordable;Grand nombre d'avis;Bonne réputation;Conseillé par un proche","une femme.","25"
"2020/06/20 9:06:51 PM UTC+2","Non","","","","","","","","","","Oui","Amazon;AliExpress","1 à 2 fois par mois","Meuble déco","Amazon","Beau design;Facile à utiliser;Prix abordable;Bonne réputation","une femme.","28"
"2020/06/20 9:23:11 PM UTC+2","Oui","Aucun","Amazon;Vente-privée (Veepee)","1 à 2 fois par mois.","2 à 4 fois par mois.","Électroménager;Jeux vidéo;Jouets","Meuble déco;Vêtements ","6","9","","","","","","Amazon;Cdiscount;Vente-privée (Veepee)","Facile à utiliser","une femme.","38"
"2020/06/20 9:24:38 PM UTC+2","Oui","J'ai rencontré un retard lors d'une livraison.;L'ergonomie du site me déplait.","Amazon;Vente-privée (Veepee)","1 à 2 fois par mois.","1 à 2 fois par mois.","Électroménager;Meuble déco;Jardin animalerie","Électroménager;Meuble déco","4","4","Ergonomie","","","","","Amazon","Facile à utiliser;Prix abordable;Grande variété de produits","une femme.","43"
"2020/06/20 9:29:43 PM UTC+2","Oui","Aucun","Amazon;E-leclerc","3 fois par an.","2 à 4 fois par mois.","Courses alimentaires;Électroménager","Courses alimentaires;Bricolage","7","7","La disponibilité de certains produits","","","","","Amazon;E-leclerc","Facile à utiliser;Prix abordable;Grande variété de produits","une femme.","60"
"2020/06/20 9:36:09 PM UTC+2","Oui","Aucun","Amazon;Carrefour;Leroy Merlin;E-leclerc;Wish","1 à 2 fois par mois.","4 à 8 fois par mois.","Jouets","Courses alimentaires;Électroménager;Meuble déco;Bricolage;Informatique;Jeux vidéo","9","5","Que la livraison soit moins chère. ","","","","","Amazon;Cdiscount;Wish","Facile à utiliser;Prix abordable;Conseillé par un proche","une femme.","12 "
"2020/06/20 9:39:09 PM UTC+2","Oui","J'ai rencontré un retard lors d'une livraison.","Amazon;Vente-privée (Veepee);Carrefour","1 à 2 fois par mois.","1 à 2 fois par mois.","Informatique","Informatique;Téléphonie","6","5","Améliorer l'application mobile Android ","","","","","Amazon;Cdiscount;Vente-privée (Veepee);modanisa","Beau design;Facile à utiliser;Grande variété de produits;Grand nombre d'avis;Bonne réputation","une femme.","26"
"2020/06/20 9:44:52 PM UTC+2","Non","","","","","","","","","","Non","","","","","","Je ne souhaite pas le préciser.","25"
"2020/06/20 10:08:13 PM UTC+2","Oui","Aucun","Amazon","0","1 à 2 fois par mois.","Électroménager;Jouets","Électroménager;Meuble déco;Jouets","8","7","Rien","","","","","Amazon;Cdiscount;Vente-privée (Veepee)","Beau design;Facile à utiliser;Prix abordable;Grande variété de produits;Grand nombre d'avis","une femme.","32"
"2020/06/20 10:17:39 PM UTC+2","Oui","L'ergonomie du site me déplait.","Vente-privée (Veepee);Fnac;Darty;Wish;Birchbox","Très rarement ","Rarement ","Électroménager;Meuble déco;Jardin animalerie;Informatique;Jeux vidéo","Électroménager;Meuble déco;Jardin animalerie;Informatique;Jeux vidéo;Sport","4","2","Le site, les prix et la com","","","","","Aucun préférer les magasins ","Beau design;Facile à utiliser;Prix abordable;Grand nombre d'avis;Affiner les critères ","une femme.","24"
"2020/06/20 10:18:45 PM UTC+2","Oui","Aucun","Amazon;AliExpress","2 à 3 fois par an","2 à 4 fois par mois.","Électroménager;Meuble déco;Informatique;Jouets","Électroménager;Meuble déco;Bricolage;Jouets","10","8","","","","","","Amazon;Cdiscount","Beau design;Facile à utiliser;Prix abordable;Grande variété de produits;Grand nombre d'avis","une femme.","36"
"2020/06/20 10:20:31 PM UTC+2","Oui","Aucun","Amazon;Vente-privée (Veepee);E-leclerc;AliExpress","1 à 2 fois par mois.","1 à 2 fois par mois.","Électroménager;Meuble déco;Literie;Informatique;Téléphonie;Jouets","Électroménager;Meuble déco;Literie;Informatique;Téléphonie;Jouets","9","9","Apparence du Site ","","","","","Amazon;Cdiscount;AliExpress","Facile à utiliser;Prix abordable;Grande variété de produits;Grand nombre d'avis;Bonne réputation","une femme.","28"
"2020/06/20 10:27:26 PM UTC+2","Oui","Aucun","Amazon;Vente-privée (Veepee);Fnac;Darty;Ebay;Carrefour;Leroy Merlin;E-leclerc;Wish;AliExpress;PriceMinister (Rakuten)","1 à 2 fois par mois.","1 à 2 fois par mois.","Informatique","Informatique","7","7","","","","","","Amazon","Facile à utiliser","une femme.","22"
"2020/06/20 10:27:41 PM UTC+2","Non","","","","","","","","","","Oui","Amazon;Fnac","3/4 fois par ans","Informatique;TV / Son / Photo;Jeux vidéo;Bébé;Jouets","aucun en particulier, ça dépend du produit recherché","Facile à utiliser;Prix abordable;Bonne réputation","un homme.","23"
"2020/06/20 10:28:51 PM UTC+2","Oui","Aucun","Amazon;AliExpress","2 à 3 fois par an","2 à 4 fois par mois.","Électroménager;Meuble déco;Informatique;Jouets","Électroménager;Meuble déco;Bricolage;Jouets","10","8","","","","","","Amazon;Cdiscount","Beau design;Facile à utiliser;Prix abordable;Grande variété de produits;Grand nombre d'avis","une femme.","36"
"2020/06/20 10:28:57 PM UTC+2","Oui","Aucun","Amazon;Fnac;Darty;E-liquide","1 fois par an","1 à 2 fois par mois.","Électroménager;Informatique","Électroménager;Meuble déco;Informatique;Téléphonie;Cigarette électronique ","8","8","","","","","","Amazon;Cdiscount;Fnac;Rue du commerce ","Facile à utiliser;Prix abordable;Bonne réputation","une femme.","23"
"2020/06/20 10:37:06 PM UTC+2","Oui","Délai de renvoi assez court ","Amazon;Vente-privée (Veepee);Zalando","1 ou 2 fois dans l'année ","1 à 2 fois par mois.","Électroménager","Électroménager;Meuble déco;Vêtement ","7","8","","","","","","Amazon;Cdiscount;Vente-privée (Veepee);Zalando","Prix abordable;Bonne réputation","une femme.","28"
"2020/06/20 10:44:51 PM UTC+2","Oui","Aucun","Amazon;Fnac","1 fois dans ma vie","1 à 2 fois par mois.","Électroménager;Informatique;Vêtements/livres","Informatique;Livres","6","8","","","","","","Amazon","Facile à utiliser;Prix abordable;Grande variété de produits;Grand nombre d'avis;Bonne réputation","une femme.","22"
"2020/06/20 10:49:34 PM UTC+2","Oui","Aucun","Amazon;Fnac;Leroy Merlin","1 fois par an","1 à 2 fois par mois.","Auto Moto","Auto Moto","5","9","","","","","","Amazon;Leroy Merlin","Prix abordable;Grand nombre d'avis;Bonne réputation","un homme.","25"
"2020/06/20 10:53:10 PM UTC+2","Non","","","","","","","","","","Oui","Amazon;AliExpress","2 à 4 fois par mois","Électroménager;Literie;Jardin animalerie;Bricolage;TV / Son / Photo","Amazon;AliExpress","Prix abordable;Grande variété de produits;Grand nombre d'avis;Grand nombre de fonctionnalités","une femme.","41"
"2020/06/20 10:58:37 PM UTC+2","Oui","Aucun","Amazon;Fnac;Darty;Ebay;Carrefour;Leroy Merlin;AliExpress","1 fois tous les 3 mois","2 à 4 fois par mois.","Électroménager;Meuble déco;Informatique","Courses alimentaires;Électroménager;Meuble déco;Informatique;TV / Son / Photo","9","9","","","","","","Amazon","Facile à utiliser;Grand nombre d'avis","un homme.","53"
"2020/06/20 11:53:29 PM UTC+2","Non","","","","","","","","","","Oui","Amazon;Fnac;Darty;Ebay;Wish","1 à 2 fois par mois","Courses alimentaires;Téléphonie","Amazon;Wish","Prix abordable;Grande variété de produits;Grand nombre d'avis","une femme.","25"
"2020/06/20 11:58:39 PM UTC+2","Oui","L'ergonomie du site me déplait.;Leur ""promos"" dès un premier achat pour la prise d'une carte fidélité, technique marketing bof... surtout que l'offre n'est applicable qu'après étude du dossier (lié à l'achat)","Amazon;Wish;Boulanger","Une fois et ça sera la dernière","1 à 2 fois par mois.","Électroménager","Électroménager;Informatique;Téléphonie","4","1","Ergonomie, sav, stop aux promos douteuses","","","","","Amazon;Boulanger","Beau design;Facile à utiliser;Grande variété de produits;Bonne réputation","une femme.","21"
"2020/06/21 12:14:58 AM UTC+2","Oui","Aucun","Amazon","1 à 2 fois par mois.","1 à 2 fois par mois.","Meuble déco","Jardin animalerie","10","10","","","","","","Amazon","Beau design","une femme.","27"
"2020/06/21 12:34:21 AM UTC+2","Oui","J'ai rencontré un retard lors d'une livraison.","Amazon;Carrefour;AliExpress","1 à 2 fois par mois.","4 à 8 fois par mois.","Électroménager","Meuble déco;Mode Bagage;Jouets","7","6","Rien a changer","","","","","Amazon","Beau design;Facile à utiliser;Grande variété de produits","une femme.","25"
"2020/06/21 12:44:47 AM UTC+2","Oui","Aucun","Amazon","1 à 2 fois par mois.","1 à 2 fois par mois.","Meuble déco","Jardin animalerie","10","10","","","","","","Amazon","Beau design","une femme.","27"
"2020/06/21 12:48:55 AM UTC+2","Non","","","","","","","","","","Oui","Fnac;Darty;Carrefour;PriceMinister (Rakuten)","1 à 2 fois par mois","Informatique","Amazon;Carrefour;AliExpress","Beau design;Grande variété de produits;Bonne réputation","un homme.","21"
"2020/06/21 1:47:08 AM UTC+2","Oui","Aucun","Amazon;AliExpress","1 fois par an","4 à 8 fois par mois.","Meuble déco;Jouets","Vêtements et produits de beauté ","2","3","Le service client ","","","","","Amazon;AliExpress","Facile à utiliser;Prix abordable;Grande variété de produits;Grand nombre d'avis","une femme.","27"
"2020/06/21 1:53:04 AM UTC+2","Oui","Aucun","Amazon;Vente-privée (Veepee)","1 à 2 fois par mois.","1 à 2 fois par mois.","Informatique;TV / Son / Photo;Téléphonie;Jeux vidéo;Jouets","Informatique;TV / Son / Photo;Jeux vidéo;Jouets","10","10","J","","","","","Amazon;Cdiscount;Vente-privée (Veepee);Carrefour;Leroy Merlin;E-leclerc","Prix abordable;Grande variété de produits;Bonne réputation","une femme.","20"
"2020/06/21 3:01:49 AM UTC+2","Oui","J'ai rencontré un retard lors d'une livraison.","Amazon;Vente-privée (Veepee)","1 à 2 fois par mois.","1 à 2 fois par mois.","Électroménager;Informatique;Jouets","Électroménager;Jouets","7","8","","","","","","Amazon;Cdiscount","Facile à utiliser;Prix abordable;Grande variété de produits","une femme.","40"
"2020/06/21 6:06:53 AM UTC+2","Oui","Aucun","Amazon;Darty","Occasionnellement ","3/4 fois par an","Électroménager;Literie;Bricolage;TV / Son / Photo","Électroménager;Meuble déco;Literie;Bricolage;TV / Son / Photo","6","5","","","","","","Amazon;Cdiscount;Darty","Facile à utiliser;Prix abordable;Grande variété de produits;Grand nombre d'avis","une femme.","57"
"2020/06/21 6:46:29 AM UTC+2","Oui","Aucun","Amazon;Fnac","1 a 2 fois par an","1 a 2 fois par an","Informatique;TV / Son / Photo","Informatique;TV / Son / Photo;livres","7","7","","","","","","Amazon;Fnac","Facile à utiliser;Prix abordable;Conseillé par un proche","un homme.","77"
"2020/06/21 9:45:28 AM UTC+2","Oui","Aucun","Amazon","4 ou 5 fois par an","5 ou 6 fois par an ","Électroménager;Bricolage;Informatique;TV / Son / Photo;Téléphonie","Meuble déco;Literie;Jardin animalerie;Mode Bagage;Jouets","9","9","","","","","","Amazon;Cdiscount","Facile à utiliser;Prix abordable;Grande variété de produits;Grand nombre d'avis;Bonne réputation","une femme.","44"
"2020/06/21 10:58:57 AM UTC+2","Non","","","","","","","","","","Oui","Amazon;Vente-privée (Veepee);Wish;AliExpress","1 fois tous les 4 mois","TV / Son / Photo;Jeux vidéo","Amazon;Cdiscount;Vente-privée (Veepee);Fnac;Darty;Wish;AliExpress","Prix abordable;Grande variété de produits;Grand nombre d'avis;Bonne réputation","un homme.","21"
"2020/06/21 11:05:35 AM UTC+2","Non","","","","","","","","","","Oui","Amazon;Fnac;AliExpress","1 à 2 fois par mois","Vêtements ","Amazon;Fnac;AliExpress","Facile à utiliser;Prix abordable;Grande variété de produits;Grand nombre d'avis;Bonne réputation;Conseillé par un proche","une femme.","23"
"2020/06/21 11:08:57 AM UTC+2","Non","","","","","","","","","","Oui","Amazon;Vente-privée (Veepee)","1-2 fois par an","Informatique;Téléphonie","Fnac","Prix abordable;Bonne réputation","une femme.","24"
"2020/06/21 11:19:03 AM UTC+2","Oui","Le service client m'a déplu.","Amazon;Leroy Merlin;AliExpress","1 à 2 fois par mois.","2 à 4 fois par mois.","Électroménager;Meuble déco;Literie;Jardin animalerie;Bricolage;Informatique","Électroménager;Meuble déco;Literie;Jardin animalerie;Bricolage;Informatique","1","4","","","","","","Amazon","Facile à utiliser;Bonne réputation","un homme.","36"
"2020/06/21 1:13:56 PM UTC+2","Non","","","","","","","","","","Oui","Amazon;Ebay","4 à 8 fois par mois.","Courses alimentaires;Bébé","Amazon","Beau design;Facile à utiliser;Grande variété de produits;Grand nombre d'avis;Bonne réputation","une femme.","22"
"2020/06/21 1:46:31 PM UTC+2","Oui","Aucun","Amazon;Ebay;Zalando","Rarement","4 à 8 fois par mois.","Literie;Téléphonie;Vêtements , cosmétiques","Vêtements","7","8","","","","","","Amazon","Facile à utiliser;Prix abordable;Grande variété de produits;Grand nombre d'avis;Bonne réputation","une femme.","40"
"2020/06/21 1:47:12 PM UTC+2","Oui","Le service client m'a déplu.;L'ergonomie du site me déplait.","Amazon;Vente-privée (Veepee);Fnac;Darty;AliExpress","j'ai arrêté d'acheter  ","moins d'une fois par mois","Électroménager;Informatique;TV / Son / Photo","Électroménager;Informatique;TV / Son / Photo","1","5","","","","","","Amazon;Fnac;Darty","Facile à utiliser;Prix abordable;Grand nombre d'avis","une femme.","23"
"2020/06/21 2:03:59 PM UTC+2","Oui","Aucun","Amazon;Wish;AliExpress","1 à 2 fois par mois.","2 à 4 fois par mois.","Électroménager;Meuble déco;Jeux vidéo;Jouets","Électroménager;Meuble déco;Literie;TV / Son / Photo;Mode Bagage;Jouets","8","7","","","","","","Amazon;Wish","Prix abordable;Grande variété de produits","une femme.","19"
"2020/06/21 2:09:45 PM UTC+2","Oui","J'ai rencontré un retard lors d'une livraison.;J'ai eu des problèmes avec le service de livraison.","Amazon;Fnac;Darty;AliExpress","1 à 2 fois par mois.","1 à 2 fois par mois.","Informatique;TV / Son / Photo;Téléphonie;Sport","Électroménager;Meuble déco;Informatique;TV / Son / Photo;Téléphonie","8","5","Design du site pas très attractif + des offres sponsorisées peuvent porter à confusion ","","","","","Amazon;Fnac;AliExpress","Beau design;Facile à utiliser;Prix abordable;Grande variété de produits;Grand nombre d'avis;Grand nombre de fonctionnalités;Bonne réputation","une femme.","25"
"2020/06/21 2:51:49 PM UTC+2","Oui","L'ergonomie du site me déplait.","Amazon;AliExpress","Ça ne m’arrive presque jamais (3 fois par an)","1 à 2 fois par mois.","Électroménager;Meuble déco;Jardin animalerie;Bricolage;Informatique;Jeux vidéo;Sport","Meuble déco;Informatique;Jeux vidéo;Jouets;Sport","8","6","Le webdesign. (Moins de couleurs et plus fonctionnel)","","","","","Amazon;AliExpress","Facile à utiliser;Prix abordable;Grande variété de produits;Bonne réputation","une femme.","23"
"2020/06/21 2:52:35 PM UTC+2","Oui","J'ai rencontré un retard lors d'une livraison.","Carrefour","Tous les deux trois mois","1 à 2 fois par mois.","Électroménager;Meuble déco;TV / Son / Photo;Jouets","Courses alimentaires;Électroménager;Meuble déco;Literie;Informatique;TV / Son / Photo;Téléphonie","7","8","","","","","","Cdiscount","Facile à utiliser;Prix abordable;Grande variété de produits","une femme.","39"
"2020/06/21 3:37:25 PM UTC+2","Non","","","","","","","","","","Non","","","","","","une femme.","65 "
"2020/06/21 4:17:06 PM UTC+2","Oui","Aucun","Amazon;Wish","1 fois tous les 3 mois","1 fois tous les 3 mois ","Informatique","Informatique","8","8","","","","","","Amazon;Cdiscount","Beau design;Facile à utiliser;Prix abordable;Grande variété de produits;Grand nombre d'avis;Bonne réputation","un homme.","29"
"2020/06/21 5:45:38 PM UTC+2","Oui","Aucun","Amazon;Fnac;Carrefour","1 à 2 fois par mois.","1 à 2 fois par mois.","Meuble déco;Jardin animalerie;Mode Bagage;Jouets","Courses alimentaires;Mode Bagage","6","6","tout est bien pour moi ","","","","","Amazon;Cdiscount;Fnac;Carrefour","Facile à utiliser;Prix abordable","une femme.","43"
"2020/06/21 6:01:02 PM UTC+2","Non","","","","","","","","","","Non","","","","","","un homme.","76"
"2020/06/21 6:52:30 PM UTC+2","Oui","J'ai rencontré un retard lors d'une livraison.;Le service client m'a déplu.;L'ergonomie du site me déplait.;J'ai eu des problèmes avec le service de livraison.","Amazon;Fnac;Darty;Ebay;Wish;AliExpress;PriceMinister (Rakuten)","Pratiquement jamais ","1 à 2 fois par mois.","Électroménager","Courses alimentaires;Informatique;TV / Son / Photo;Téléphonie","2","3","Arrêter les arnaques","","","","","Fnac","Facile à utiliser;Prix abordable;Grand nombre d'avis","une femme.","23"
"2020/06/21 7:22:48 PM UTC+2","Oui","J'ai rencontré un retard lors d'une livraison.","Amazon;PriceMinister (Rakuten)","J'en achète plus depuis mon problème","1 à 2 fois par mois.","Électroménager;Informatique;Téléphonie;Sport","Électroménager;Meuble déco;Informatique;Téléphonie;Sport","3","4","Le délai de livraison","","","","","Amazon;PriceMinister (Rakuten)","Facile à utiliser;Prix abordable;Grande variété de produits;Grand nombre de fonctionnalités","un homme.","26"
"2020/06/21 8:59:50 PM UTC+2","Non","","","","","","","","","","Oui","Amazon;Fnac;Ebay;AliExpress","1 à 2 fois par mois","TV / Son / Photo;Jeux vidéo","Amazon;Fnac","Beau design;Facile à utiliser;Prix abordable;Grande variété de produits;Bonne réputation","une femme.","18"
"2020/06/21 9:30:37 PM UTC+2","Oui","L'ergonomie du site me déplait.;J'ai eu des problèmes avec le service de livraison.","Amazon;Fnac;AliExpress","rarement ","4 à 8 fois par mois.","Électroménager;Informatique;TV / Son / Photo;Téléphonie;Jeux vidéo","Courses alimentaires;Meuble déco;Informatique;Reconditionné;Jeux vidéo","6","2","","","","","","Amazon;Fnac","Facile à utiliser;Prix abordable;Grande variété de produits;Grand nombre d'avis;Bonne réputation","une femme.","25"
"2020/06/21 10:22:13 PM UTC+2","Oui","J'ai rencontré un retard lors d'une livraison.;J'ai eu des problèmes avec le service de livraison.","Amazon;Vente-privée (Veepee);Ebay;Wish;AliExpress;PriceMinister (Rakuten)","1 à 2 fois par mois.","2 à 4 fois par mois.","Informatique;TV / Son / Photo;Téléphonie;Jeux vidéo","Bricolage;Informatique;TV / Son / Photo;Téléphonie;Jeux vidéo;Jouets","8","7","Ux ui","","","","","Amazon;PriceMinister (Rakuten)","Beau design;Facile à utiliser;Prix abordable;Grande variété de produits;Grand nombre d'avis;Bonne réputation","un homme.","22"
"2020/06/22 11:24:13 AM UTC+2","Non","","","","","","","","","","Oui","Amazon;E-leclerc","1 à 2 fois par mois","Courses alimentaires;Jouets","Amazon","Facile à utiliser;Prix abordable;Grande variété de produits;Grand nombre d'avis;Bonne réputation;Conseillé par un proche","une femme.","39"
"2020/06/22 12:28:32 PM UTC+2","Oui","Aucun","Amazon;Fnac;Darty;AliExpress;PriceMinister (Rakuten)","De temps en temps ","1 à 2 fois par mois.","Informatique;TV / Son / Photo;Téléphonie;Jeux vidéo","Électroménager;Bricolage;Informatique;TV / Son / Photo;Téléphonie;Reconditionné;Jeux vidéo;Bébé;Jouets;Sport","6","6","","","","","","Amazon;Fnac;Darty","Beau design;Facile à utiliser;Prix abordable;Grande variété de produits;Grand nombre d'avis","un homme.","22"
"2020/06/22 1:57:25 PM UTC+2","Oui","Aucun","Amazon","1 à 2 fois par mois.","2 à 4 fois par mois.","TV / Son / Photo;Jeux vidéo","TV / Son / Photo;Jeux vidéo","8","7","","","","","","Amazon;Fnac","Facile à utiliser;Grande variété de produits;Bonne réputation","un homme.","24"
"2020/06/22 6:36:50 PM UTC+2","Non","","","","","","","","","","Non","","","","","","un homme.","24"
"2020/06/22 7:21:35 PM UTC+2","Oui","J'ai rencontré un retard lors d'une livraison.","Amazon;Fnac;Darty;AliExpress","moins d'une fois par mois","moins d'une fois par mois","Électroménager;Informatique","habits","7","7","Reorganiser ses rubriques de la barre verticale à droite","","","","","Amazon","Beau design;Prix abordable","une femme.","30"
"2020/06/22 8:56:17 PM UTC+2","Non","","","","","","","","","","Non","","","","","","une femme.","22"
"2020/06/22 10:22:29 PM UTC+2","Non","","","","","","","","","","Oui","Amazon;Vente-privée (Veepee);Fnac;Darty;Carrefour;Leroy Merlin","2 à 4 fois par mois","Courses alimentaires;Électroménager;Meuble déco;Jardin animalerie;Bricolage;Mode Bagage","Amazon","Facile à utiliser;Bonne réputation","une femme.","50"
"2020/06/23 7:47:13 AM UTC+2","Oui","Aucun","Amazon;Vente-privée (Veepee);Fnac;AliExpress","1 à 2 fois par mois.","1 à 2 fois par mois.","Électroménager;Meuble déco;Téléphonie;Reconditionné;Mode Bagage","Meuble déco;Informatique;Téléphonie;Reconditionné;Mode Bagage","7","7","Rien ","","","","","Vente-privée (Veepee)","Beau design;Facile à utiliser;Prix abordable;Grande variété de produits;Bonne réputation","une femme.","20"
"2020/06/23 2:04:01 PM UTC+2","Oui","L'ergonomie du site me déplait.","Amazon;Vente-privée (Veepee);Fnac;Darty","Quelques fois par an","Pareil, quelques fois par an","Électroménager;Meuble déco;Bricolage;Informatique;TV / Son / Photo;Reconditionné;Jeux vidéo","Électroménager;Meuble déco;Bricolage;Informatique;TV / Son / Photo;Téléphonie;Reconditionné;Jeux vidéo","8","5","Je changerai l'ergonomie globale, pour une meilleure compréhension/facilité d'accès aux produits","","","","","Amazon;Cdiscount","Beau design;Facile à utiliser;Grande variété de produits;Bonne réputation","une femme.","24"
"2020/06/23 2:29:47 PM UTC+2","Oui","Aucun","Amazon;Vente-privée (Veepee);Fnac;AliExpress","1 à 2 fois par mois.","1 à 2 fois par mois.","Électroménager;Meuble déco;Téléphonie;Reconditionné;Mode Bagage","Meuble déco;Informatique;Téléphonie;Reconditionné;Mode Bagage","7","7","Rien ","","","","","Vente-privée (Veepee)","Beau design;Facile à utiliser;Prix abordable;Grande variété de produits;Bonne réputation","une femme.","20"
"2020/06/23 2:53:06 PM UTC+2","Oui","Aucun","Amazon;Vente-privée (Veepee);Fnac;Ebay;AliExpress","1 à 2 fois par mois.","1 à 2 fois par mois.","Informatique;TV / Son / Photo","Informatique;TV / Son / Photo","5","5","","","","","","Cdiscount","Grande variété de produits","une femme.","24"
"2020/06/23 4:28:03 PM UTC+2","Oui","Aucun","Amazon;Vente-privée (Veepee);Fnac;AliExpress","1 à 2 fois par mois.","1 à 2 fois par mois.","Électroménager;Meuble déco;Téléphonie;Reconditionné;Mode Bagage","Meuble déco;Informatique;Téléphonie;Reconditionné;Mode Bagage","7","7","Rien ","","","","","Vente-privée (Veepee)","Beau design;Facile à utiliser;Prix abordable;Grande variété de produits;Bonne réputation","une femme.","20"
"2020/06/23 4:56:53 PM UTC+2","Oui","J'ai rencontré un retard lors d'une livraison.","Amazon;Vente-privée (Veepee);Fnac;Ebay;PriceMinister (Rakuten)","1 à 2 fois par mois.","2 à 4 fois par mois.","Électroménager;Informatique;TV / Son / Photo","Électroménager;Informatique;TV / Son / Photo","6","4","","","","","","Amazon;Cdiscount;Vente-privée (Veepee);Fnac;Ebay;PriceMinister (Rakuten)","Grand nombre d'avis","un homme.","24"
"2020/06/24 12:23:56 PM UTC+2","Oui","Aucun","Fnac;Darty;Carrefour;Rue de commerce ","2 à 4 fois par mois.","2 à 4 fois par mois.","Électroménager;Informatique;TV / Son / Photo;Téléphonie;Jeux vidéo","Électroménager;Informatique;TV / Son / Photo;Téléphonie","5","3","Ajouter un service de livraisons gratuit ou la baisse de free de livraison","","","","","Cdiscount;Fnac;Darty;Ebay;Carrefour;PriceMinister (Rakuten)","Facile à utiliser;Prix abordable;Grand nombre d'avis;Grand nombre de fonctionnalités;Bonne réputation","un homme.","30"
"2020/06/24 5:44:47 PM UTC+2","Oui","L'ergonomie du site me déplait.","Amazon;Vente-privée (Veepee);Wish;PriceMinister (Rakuten)","1 à 2 fois par mois.","1 à 2 fois par mois.","Électroménager;Informatique;TV / Son / Photo;Téléphonie;Jeux vidéo;Sport","Courses alimentaires;Électroménager;Informatique;TV / Son / Photo;Téléphonie;Jeux vidéo;Sport","7","3","","","","","","Amazon","Beau design;Facile à utiliser;Prix abordable;Grande variété de produits;Grand nombre d'avis","un homme.","23"
"2020/06/25 11:39:43 AM UTC+2","Oui","J'ai rencontré un retard lors d'une livraison.;J'ai eu des problèmes avec le service de livraison.","Amazon;AliExpress","1fois/an","2 à 4 fois par mois.","Informatique;Auto Moto","Informatique;TV / Son / Photo;Jeux vidéo;Auto Moto;Sport","6","6","","","","","","Amazon;AliExpress","Facile à utiliser;Prix abordable;Grande variété de produits;Grand nombre d'avis;Bonne réputation","pangolin bleu","22"
"2020/06/25 11:59:16 PM UTC+2","Non","","","","","","","","","","Oui","Fnac;Darty","1 à 2 fois par mois","Informatique","Fnac;Darty","Facile à utiliser;Prix abordable;Bonne réputation","une femme.","25"
"2020/06/26 9:44:50 AM UTC+2","Non","","","","","","","","","","Oui","Fnac","1 à 2 fois par mois","Électroménager;Meuble déco;Informatique;TV / Son / Photo;Reconditionné;livre","Fnac","Beau design;Grand nombre d'avis;Bonne réputation;Conseillé par un proche","une femme.","23"
"2020/06/27 11:33:15 AM UTC+2","Oui","Le service client m'a déplu.;L'ergonomie du site me déplait.","Amazon;Ebay;PriceMinister (Rakuten)","1 fois par an Max","1 à 2 fois par mois.","Informatique;TV / Son / Photo;Téléphonie;Reconditionné;Sport","Électroménager;Meuble déco;Literie;Jardin animalerie;Informatique;TV / Son / Photo;Téléphonie;Reconditionné","7","4","Les vendeurs ","","","","","Amazon;Ebay","Vendeurs fiables / pas de contrefaçons ","un homme.","24"
"2020/06/28 1:00:53 PM UTC+2","Oui","L'ergonomie du site me déplait.","Amazon;Vente-privée (Veepee)","1 fois par 3 mois ","1 fois par 2 mois ","Électroménager;Meuble déco;Informatique;TV / Son / Photo","Électroménager;Meuble déco;Jardin animalerie;Informatique","7","2","Application mobile ","","","","","Amazon;Cdiscount;Vente-privée (Veepee)","Facile à utiliser;Prix abordable;Grande variété de produits","un homme.","23"
"2020/06/30 4:56:58 AM UTC+2","Non","","","","","","","","","","Oui","Amazon;Fnac;Ebay;AliExpress","1 à 2 fois par mois","TV / Son / Photo;Jeux vidéo","Amazon;Fnac","Beau design;Facile à utiliser;Prix abordable;Grande variété de produits;Bonne réputation","une femme.","18"